path	classification	bytes	action
.gitignore	project-root	426	keep
AGENTS.md	project-root	2705	keep
artifacts/reports/ai-only-phase-02.md	audit-evidence	1380	keep
artifacts/reports/ai-only-phase-03.md	audit-evidence	1214	keep
artifacts/reports/ai-only-phase-04.md	audit-evidence	1448	keep
artifacts/reports/ai-only-phase-05.md	audit-evidence	1077	keep
artifacts/reports/ai-only-phase-06.md	audit-evidence	1448	keep
artifacts/reports/ai-only-phase-07.md	audit-evidence	1686	keep
artifacts/reports/ai-only-phase-08.md	audit-evidence	2004	keep
artifacts/reports/ai-only-phase-09.md	audit-evidence	1738	keep
artifacts/reports/ai-only-phase-10.md	audit-evidence	1773	keep
artifacts/reports/ai-only-phase-11.md	audit-evidence	618	keep
artifacts/reports/ai-only-phase-12.md	audit-evidence	1805	keep
artifacts/reports/AI_ONLY_REFACTOR_AUDIT.md	audit-evidence	8753	keep
artifacts/reports/conversation-agent-baseline.md	audit-evidence	11626	keep
artifacts/reports/conversation-data-model.md	audit-evidence	7300	keep
artifacts/reports/conversation-schema-audit.md	audit-evidence	5761	keep
artifacts/reports/conversation-ui-audit.md	audit-evidence	3346	keep
artifacts/reports/conversation-ui-skeleton.md	audit-evidence	5779	keep
artifacts/reports/conversational-undo-audit.md	audit-evidence	3835	keep
artifacts/reports/conversational-undo.md	audit-evidence	4505	keep
artifacts/reports/CORE_AI_ONLY_REFACTOR_REPORT.md	audit-evidence	2934	keep
artifacts/reports/deepseek-vision-probe-diagnosis.md	audit-evidence	3054	keep
artifacts/reports/deepseek-vision-probe-fix.md	audit-evidence	6843	keep
artifacts/reports/file-reference-audit.md	audit-evidence	2707	keep
artifacts/reports/file-references.md	audit-evidence	7971	keep
artifacts/reports/final-acceptance-audit.md	audit-evidence	15416	keep
artifacts/reports/guixu-1.0-bug-registry.md	audit-evidence	9916	keep
artifacts/reports/guixu-1.0-final-acceptance.md	audit-evidence	11885	keep
artifacts/reports/legacy-product-cleanup.md	audit-evidence	8694	keep
artifacts/reports/maintenance-2026-09-14.md	audit-evidence	2989	keep
artifacts/reports/maintenance-2026-09-15.md	audit-evidence	1666	keep
artifacts/reports/phase-01.md	audit-evidence	3995	keep
artifacts/reports/phase-02.md	audit-evidence	5378	keep
artifacts/reports/phase-03.md	audit-evidence	5287	keep
artifacts/reports/phase-04.md	audit-evidence	5268	keep
artifacts/reports/phase-05.md	audit-evidence	5196	keep
artifacts/reports/phase-06.md	audit-evidence	4191	keep
artifacts/reports/phase-07.md	audit-evidence	5038	keep
artifacts/reports/phase-08-performance.json	audit-evidence	1108	keep
artifacts/reports/phase-08-test-matrix.md	audit-evidence	4631	keep
artifacts/reports/phase-08.md	audit-evidence	5815	keep
artifacts/reports/phase-09.md	audit-evidence	6147	keep
artifacts/reports/phase-f-first-analysis-audit.md	audit-evidence	4467	keep
artifacts/reports/phase-n-performance.json	audit-evidence	2421	keep
artifacts/reports/phase-n-photo-classification-fix.md	audit-evidence	4158	keep
artifacts/reports/phase-n-real-deepseek-e2e.json	audit-evidence	2514	keep
artifacts/reports/phase-n-review-and-trash-fix.md	audit-evidence	3167	keep
artifacts/reports/phase-n-trash-clear.md	audit-evidence	2181	keep
artifacts/reports/plan-version-audit.md	audit-evidence	6185	keep
artifacts/reports/plan-versioning.md	audit-evidence	6027	keep
artifacts/reports/post-execution-conversation-audit.md	audit-evidence	7339	keep
artifacts/reports/post-execution-conversation.md	audit-evidence	5601	keep
artifacts/reports/project-file-inventory.tsv	audit-evidence	39350	keep
artifacts/reports/project-structure-cleanup.md	audit-evidence	950	keep
artifacts/reports/real-conversational-undo-smoke.md	audit-evidence	925	keep
artifacts/reports/real-phase-f-first-analysis-smoke.md	audit-evidence	3416	keep
artifacts/reports/real-post-execution-refinement.md	audit-evidence	1234	keep
artifacts/reports/real-semantic-cache-smoke.md	audit-evidence	726	keep
artifacts/reports/release-readiness.md	audit-evidence	3298	keep
artifacts/reports/semantic-cache-audit.md	audit-evidence	2444	keep
artifacts/reports/semantic-cache.md	audit-evidence	4701	keep
artifacts/reports/session-recovery-audit.md	audit-evidence	2379	keep
artifacts/reports/session-recovery.md	audit-evidence	4486	keep
artifacts/reports/ui/conversational-undo/01-undo-request.png	audit-evidence	121886	keep
artifacts/reports/ui/conversational-undo/02-undo-preview.png	audit-evidence	121886	keep
artifacts/reports/ui/conversational-undo/03-undo-conflict.png	audit-evidence	121684	keep
artifacts/reports/ui/conversational-undo/04-undo-confirming.png	audit-evidence	108825	keep
artifacts/reports/ui/conversational-undo/05-undo-complete.png	audit-evidence	104274	keep
artifacts/reports/ui/conversational-undo/07-history-after-undo.png	audit-evidence	102560	keep
artifacts/reports/ui/file-references/01-multi-select.png	audit-evidence	91921	keep
artifacts/reports/ui/file-references/02-reference-chips.png	audit-evidence	91921	keep
artifacts/reports/ui/file-references/03-user-message-reference.png	audit-evidence	83600	keep
artifacts/reports/ui/file-references/04-assistant-reference-click.png	audit-evidence	89872	keep
artifacts/reports/ui/file-references/05-ambiguous-reference.png	audit-evidence	91772	keep
artifacts/reports/ui/file-references/06-missing-file.png	audit-evidence	89831	keep
artifacts/reports/ui/file-references/07-post-execution-reference.png	audit-evidence	95269	keep
artifacts/reports/ui/final-polish/01-empty-conversation.png	audit-evidence	86572	keep
artifacts/reports/ui/final-polish/02-normal-chat.png	audit-evidence	91409	keep
artifacts/reports/ui/final-polish/03-file-selection.png	audit-evidence	91865	keep
artifacts/reports/ui/final-polish/04-reference-chips.png	audit-evidence	91913	keep
artifacts/reports/ui/final-polish/05-agent-analyzing.png	audit-evidence	92975	keep
artifacts/reports/ui/final-polish/06-plan-preview.png	audit-evidence	110256	keep
artifacts/reports/ui/final-polish/07-plan-diff.png	audit-evidence	86687	keep
artifacts/reports/ui/final-polish/08-plan-version-history.png	audit-evidence	86666	keep
artifacts/reports/ui/final-polish/09-waiting-approval.png	audit-evidence	110414	keep
artifacts/reports/ui/final-polish/10-execution-running.png	audit-evidence	91900	keep
artifacts/reports/ui/final-polish/11-execution-success.png	audit-evidence	100257	keep
artifacts/reports/ui/final-polish/12-post-execution-chat.png	audit-evidence	104352	keep
artifacts/reports/ui/final-polish/13-undo-preview.png	audit-evidence	115475	keep
artifacts/reports/ui/final-polish/14-undo-conflict.png	audit-evidence	116423	keep
artifacts/reports/ui/final-polish/15-session-recovery.png	audit-evidence	98320	keep
artifacts/reports/ui/final-polish/16-file-workspace-list.png	audit-evidence	91635	keep
artifacts/reports/ui/final-polish/17-file-workspace-grid.png	audit-evidence	82495	keep
artifacts/reports/ui/final-polish/18-history.png	audit-evidence	31485	keep
artifacts/reports/ui/final-polish/19-model-settings.png	audit-evidence	40145	keep
artifacts/reports/ui/final-polish/20-general-settings.png	audit-evidence	45580	keep
artifacts/reports/ui/final-polish/21-recently-deleted.png	audit-evidence	30170	keep
artifacts/reports/ui/final-polish/22-1280-layout.png	audit-evidence	70263	keep
artifacts/reports/ui/final-polish/23-1366-layout.png	audit-evidence	79425	keep
artifacts/reports/ui/final-polish/24-1440-layout.png	audit-evidence	91146	keep
artifacts/reports/ui/final-polish/before/01-empty.png	audit-evidence	57881	keep
artifacts/reports/ui/final-polish/before/02-models.png	audit-evidence	49302	keep
artifacts/reports/ui/final-polish/before/03-settings.png	audit-evidence	60357	keep
artifacts/reports/ui/final-polish/before/04-history.png	audit-evidence	39991	keep
artifacts/reports/ui/final-polish/before/05-trash.png	audit-evidence	37301	keep
artifacts/reports/ui/final-polish/before/06-workspace.png	audit-evidence	57482	keep
artifacts/reports/ui/final-polish/round1-workspace.png	audit-evidence	53649	keep
artifacts/reports/ui/phase-f-first-analysis/01-new-conversation.png	audit-evidence	44495	keep
artifacts/reports/ui/phase-f-first-analysis/02-model-selected.png	audit-evidence	50416	keep
artifacts/reports/ui/phase-f-first-analysis/03-message-composed.png	audit-evidence	45418	keep
artifacts/reports/ui/phase-f-first-analysis/04-analyzing.png	audit-evidence	49905	keep
artifacts/reports/ui/phase-f-first-analysis/05-plan-v1.png	audit-evidence	54333	keep
artifacts/reports/ui-deep-polish.md	audit-evidence	4530	keep
artifacts/reports/ui-polish-audit.md	audit-evidence	2797	keep
artifacts/runtime-phase-07/cache/profiles/77d30e903826dd65eb1f60adb80145e1dcf7e957be80575be9900e6ee44e9073.json	generated-cache-candidate	819	review-before-delete
artifacts/runtime-phase06/cache/profiles/4edd6af26275e321ba45e032f2257555517df2d51f1d083eef3c46a0b61a099a.json	generated-cache-candidate	875	review-before-delete
artifacts/runtime-phase06/cache/profiles/d488ebe09fc8e63c7f1160c6cf2a35de02a2002e09911c1efad11739f2b727f5.json	generated-cache-candidate	783	review-before-delete
artifacts/runtime-phase06/cache/profiles/e3df8b34c4aa914c636765c4ea261a8e732ab3b9479a5549225dc6ffa3496291.json	generated-cache-candidate	803	review-before-delete
backend/alembic.ini	backend	579	keep
backend/migrations/env.py	backend	1030	keep
backend/migrations/script.py.mako	backend	357	keep
backend/migrations/versions/0001_initial.py	backend	481	keep
backend/migrations/versions/0002_plan_basis_revision.py	backend	1173	keep
backend/migrations/versions/0003_task_soft_delete.py	backend	1892	keep
backend/migrations/versions/0004_conversation_data_model.py	backend	738	keep
backend/migrations/versions/0005_plan_versioning.py	backend	2025	keep
backend/migrations/versions/0006_post_execution_conversation.py	backend	1138	keep
backend/migrations/versions/0007_file_references.py	backend	1644	keep
backend/migrations/versions/0008_semantic_cache.py	backend	2556	keep
backend/migrations/versions/0009_session_recovery.py	backend	3219	keep
backend/migrations/versions/0010_conversational_undo.py	backend	3622	keep
backend/migrations/versions/0011_operation_reason.py	backend	1145	keep
backend/pyproject.toml	backend	1140	keep
backend/src/guixu/__init__.py	backend	57	keep
backend/src/guixu/__main__.py	backend	396	keep
backend/src/guixu/api/__init__.py	backend	37	keep
backend/src/guixu/api/app.py	backend	105381	keep
backend/src/guixu/api/schemas.py	backend	10577	keep
backend/src/guixu/application/__init__.py	backend	30	keep
backend/src/guixu/application/ai_file_classifier.py	backend	7575	keep
backend/src/guixu/application/ai_taxonomy_planner.py	backend	9986	keep
backend/src/guixu/application/classification.py	backend	9422	keep
backend/src/guixu/application/conversational_undo.py	backend	32350	keep
backend/src/guixu/application/conversations.py	backend	5366	keep
backend/src/guixu/application/coordinator.py	backend	6864	keep
backend/src/guixu/application/file_references.py	backend	9999	keep
backend/src/guixu/application/first_analysis.py	backend	28779	keep
backend/src/guixu/application/model_gateway.py	backend	32750	keep
backend/src/guixu/application/models.py	backend	12808	keep
backend/src/guixu/application/operations.py	backend	4363	keep
backend/src/guixu/application/parser_runner.py	backend	5294	keep
backend/src/guixu/application/parsing.py	backend	3561	keep
backend/src/guixu/application/plan_compiler.py	backend	7692	keep
backend/src/guixu/application/plan_versions.py	backend	12135	keep
backend/src/guixu/application/planning.py	backend	1251	keep
backend/src/guixu/application/post_execution.py	backend	34972	keep
backend/src/guixu/application/pre_execution_replan_guard.py	backend	8250	keep
backend/src/guixu/application/previews.py	backend	2481	keep
backend/src/guixu/application/privacy.py	backend	3959	keep
backend/src/guixu/application/recovery.py	backend	3057	keep
backend/src/guixu/application/reporting.py	backend	5167	keep
backend/src/guixu/application/semantic_cache.py	backend	17885	keep
backend/src/guixu/application/session_recovery.py	backend	27844	keep
backend/src/guixu/application/tasks.py	backend	3588	keep
backend/src/guixu/application/taxonomies.py	backend	7635	keep
backend/src/guixu/application/undo.py	backend	2489	keep
backend/src/guixu/desktop/__init__.py	backend	46	keep
backend/src/guixu/desktop/bridge.py	backend	1424	keep
backend/src/guixu/desktop/single_instance.py	backend	766	keep
backend/src/guixu/domain/__init__.py	backend	44	keep
backend/src/guixu/domain/classification.py	backend	1523	keep
backend/src/guixu/domain/files.py	backend	1009	keep
backend/src/guixu/domain/path_policy.py	backend	1330	keep
backend/src/guixu/domain/plans.py	backend	2032	keep
backend/src/guixu/domain/policy.py	backend	726	keep
backend/src/guixu/domain/privacy.py	backend	2284	keep
backend/src/guixu/domain/profiles.py	backend	3829	keep
backend/src/guixu/domain/settings.py	backend	3248	keep
backend/src/guixu/domain/state.py	backend	1330	keep
backend/src/guixu/domain/taxonomy.py	backend	3847	keep
backend/src/guixu/infrastructure/__init__.py	backend	32	keep
backend/src/guixu/infrastructure/db/__init__.py	backend	27	keep
backend/src/guixu/infrastructure/db/conversation_repository.py	backend	70746	keep
backend/src/guixu/infrastructure/db/database.py	backend	34355	keep
backend/src/guixu/infrastructure/db/operation_journal.py	backend	16035	keep
backend/src/guixu/infrastructure/db/repository.py	backend	40541	keep
backend/src/guixu/infrastructure/filesystem/__init__.py	backend	37	keep
backend/src/guixu/infrastructure/filesystem/executor.py	backend	9723	keep
backend/src/guixu/infrastructure/filesystem/grants.py	backend	2094	keep
backend/src/guixu/infrastructure/filesystem/identity.py	backend	2625	keep
backend/src/guixu/infrastructure/filesystem/scanner.py	backend	8555	keep
backend/src/guixu/infrastructure/filesystem/windows_handles.py	backend	6099	keep
backend/src/guixu/infrastructure/models/__init__.py	backend	48	keep
backend/src/guixu/infrastructure/models/credentials.py	backend	2653	keep
backend/src/guixu/infrastructure/models/transport.py	backend	8997	keep
backend/src/guixu/infrastructure/parsers/__init__.py	backend	96	keep
backend/src/guixu/infrastructure/parsers/common.py	backend	1509	keep
backend/src/guixu/infrastructure/parsers/documents.py	backend	8530	keep
backend/src/guixu/infrastructure/parsers/images.py	backend	3379	keep
backend/src/guixu/infrastructure/parsers/media.py	backend	3067	keep
backend/src/guixu/infrastructure/parsers/ocr.py	backend	2199	keep
backend/src/guixu/infrastructure/parsers/registry.py	backend	3409	keep
backend/src/guixu/infrastructure/parsers/text.py	backend	3148	keep
backend/src/guixu/infrastructure/resources/__init__.py	backend	43	keep
backend/src/guixu/infrastructure/resources/components.py	backend	8233	keep
backend/src/guixu/main.py	backend	6570	keep
backend/src/guixu/web.py	backend	786	keep
backend/src/guixu/worker/__init__.py	backend	631	keep
backend/src/guixu/worker/__main__.py	backend	56	keep
backend/tests/classification/test_ai_file_classifier.py	backend	6290	keep
backend/tests/classification/test_ai_planner.py	backend	8083	keep
backend/tests/classification/test_classification.py	backend	13396	keep
backend/tests/conftest.py	backend	170	keep
backend/tests/contract/test_database.py	backend	7177	keep
backend/tests/fixtures/evaluation/fixtures/audio/audio-01.wav	test-fixture	8044	keep
backend/tests/fixtures/evaluation/fixtures/audio/audio-02.wav	test-fixture	8044	keep
backend/tests/fixtures/evaluation/fixtures/audio/audio-03.wav	test-fixture	8044	keep
backend/tests/fixtures/evaluation/fixtures/audio/audio-04.wav	test-fixture	8044	keep
backend/tests/fixtures/evaluation/fixtures/audio/audio-05.wav	test-fixture	8044	keep
backend/tests/fixtures/evaluation/fixtures/audio/audio-06.wav	test-fixture	8044	keep
backend/tests/fixtures/evaluation/fixtures/audio/audio-07.wav	test-fixture	8044	keep
backend/tests/fixtures/evaluation/fixtures/audio/audio-08.wav	test-fixture	8044	keep
backend/tests/fixtures/evaluation/fixtures/audio/audio-09.wav	test-fixture	8044	keep
backend/tests/fixtures/evaluation/fixtures/audio/audio-10.wav	test-fixture	8044	keep
backend/tests/fixtures/evaluation/fixtures/audio/audio-11.wav	test-fixture	8044	keep
backend/tests/fixtures/evaluation/fixtures/audio/audio-12.wav	test-fixture	8044	keep
backend/tests/fixtures/evaluation/fixtures/audio/audio-13.wav	test-fixture	8044	keep
backend/tests/fixtures/evaluation/fixtures/audio/audio-14.wav	test-fixture	8044	keep
backend/tests/fixtures/evaluation/fixtures/audio/audio-15.wav	test-fixture	8044	keep
backend/tests/fixtures/evaluation/fixtures/audio/audio-16.wav	test-fixture	8044	keep
backend/tests/fixtures/evaluation/fixtures/audio/audio-17.wav	test-fixture	8044	keep
backend/tests/fixtures/evaluation/fixtures/audio/audio-18.wav	test-fixture	8044	keep
backend/tests/fixtures/evaluation/fixtures/audio/audio-19.wav	test-fixture	8044	keep
backend/tests/fixtures/evaluation/fixtures/audio/audio-20.wav	test-fixture	8044	keep
backend/tests/fixtures/evaluation/fixtures/image/.guixu-thumbnails/0e2dd9ec-3f43-4867-bf65-0969b00ade6e-frame-0.jpg	generated-cache-candidate	5053	review-before-delete
backend/tests/fixtures/evaluation/fixtures/image/.guixu-thumbnails/0f46c730-0a58-4cf9-ba8d-13e335772c93-frame-0.jpg	generated-cache-candidate	5165	review-before-delete
backend/tests/fixtures/evaluation/fixtures/image/.guixu-thumbnails/1e18939e-e4d1-47e2-8287-36d257508da9-frame-0.jpg	generated-cache-candidate	5474	review-before-delete
backend/tests/fixtures/evaluation/fixtures/image/.guixu-thumbnails/29367db1-a2a2-433a-a124-9c0ed86a9ebb-frame-0.jpg	generated-cache-candidate	4863	review-before-delete
backend/tests/fixtures/evaluation/fixtures/image/.guixu-thumbnails/2b1f32a8-51f6-4c43-b00a-fc9712957983-frame-0.jpg	generated-cache-candidate	4973	review-before-delete
backend/tests/fixtures/evaluation/fixtures/image/.guixu-thumbnails/37e3e814-f6e6-4a0a-afa1-6a5ac4dbaa94-frame-0.jpg	generated-cache-candidate	5532	review-before-delete
backend/tests/fixtures/evaluation/fixtures/image/.guixu-thumbnails/3edda4bf-763b-4dc7-b3ce-2a9e4483d7ad-frame-0.jpg	generated-cache-candidate	4907	review-before-delete
backend/tests/fixtures/evaluation/fixtures/image/.guixu-thumbnails/41833a04-7f2a-4249-a18f-6fd505c5e196-frame-0.jpg	generated-cache-candidate	5589	review-before-delete
backend/tests/fixtures/evaluation/fixtures/image/.guixu-thumbnails/5ba434f2-230f-4ef9-a914-e1d443662b2d-frame-0.jpg	generated-cache-candidate	5420	review-before-delete
backend/tests/fixtures/evaluation/fixtures/image/.guixu-thumbnails/63f0e237-6f1a-4083-af11-5c2fc5679c83-frame-0.jpg	generated-cache-candidate	4860	review-before-delete
backend/tests/fixtures/evaluation/fixtures/image/.guixu-thumbnails/7bd81b98-f75a-4f7b-92d8-d2874f8cc8eb-frame-0.jpg	generated-cache-candidate	4915	review-before-delete
backend/tests/fixtures/evaluation/fixtures/image/.guixu-thumbnails/8f43fc77-22c8-4051-8c25-a9b3ab08a005-frame-0.jpg	generated-cache-candidate	4788	review-before-delete
backend/tests/fixtures/evaluation/fixtures/image/.guixu-thumbnails/8f5cb02c-17ab-408f-8500-aa4bc5106a62-frame-0.jpg	generated-cache-candidate	4880	review-before-delete
backend/tests/fixtures/evaluation/fixtures/image/.guixu-thumbnails/9406c62d-4866-4a70-9e6a-64cac47ff8da-frame-0.jpg	generated-cache-candidate	4843	review-before-delete
backend/tests/fixtures/evaluation/fixtures/image/.guixu-thumbnails/99b3f4e8-9d91-4d29-9b6a-6e7a9b15e815-frame-0.jpg	generated-cache-candidate	4828	review-before-delete
backend/tests/fixtures/evaluation/fixtures/image/.guixu-thumbnails/9cad82f1-6023-431d-88ea-acb7bd946550-frame-0.jpg	generated-cache-candidate	5374	review-before-delete
backend/tests/fixtures/evaluation/fixtures/image/.guixu-thumbnails/b2b686a8-e38b-4df5-94d0-03eda739cb07-frame-0.jpg	generated-cache-candidate	4985	review-before-delete
backend/tests/fixtures/evaluation/fixtures/image/.guixu-thumbnails/b4806a35-3e57-4910-a16c-a09fe30d5db1-frame-0.jpg	generated-cache-candidate	4984	review-before-delete
backend/tests/fixtures/evaluation/fixtures/image/.guixu-thumbnails/cf91a3d0-ea88-422c-a65d-78ff2f5a45d9-frame-0.jpg	generated-cache-candidate	5224	review-before-delete
backend/tests/fixtures/evaluation/fixtures/image/.guixu-thumbnails/ed89d0e3-0656-426b-8055-a7481ae5f0af-frame-0.jpg	generated-cache-candidate	4951	review-before-delete
backend/tests/fixtures/evaluation/fixtures/image/image-01.png	test-fixture	2703	keep
backend/tests/fixtures/evaluation/fixtures/image/image-02.png	test-fixture	2810	keep
backend/tests/fixtures/evaluation/fixtures/image/image-03.png	test-fixture	2808	keep
backend/tests/fixtures/evaluation/fixtures/image/image-04.png	test-fixture	2723	keep
backend/tests/fixtures/evaluation/fixtures/image/image-05.png	test-fixture	2804	keep
backend/tests/fixtures/evaluation/fixtures/image/image-06.png	test-fixture	2800	keep
backend/tests/fixtures/evaluation/fixtures/image/image-07.png	test-fixture	2735	keep
backend/tests/fixtures/evaluation/fixtures/image/image-08.png	test-fixture	2707	keep
backend/tests/fixtures/evaluation/fixtures/image/image-09.png	test-fixture	2774	keep
backend/tests/fixtures/evaluation/fixtures/image/image-10.png	test-fixture	2724	keep
backend/tests/fixtures/evaluation/fixtures/image/image-11.png	test-fixture	2586	keep
backend/tests/fixtures/evaluation/fixtures/image/image-12.png	test-fixture	2723	keep
backend/tests/fixtures/evaluation/fixtures/image/image-13.png	test-fixture	2714	keep
backend/tests/fixtures/evaluation/fixtures/image/image-14.png	test-fixture	2623	keep
backend/tests/fixtures/evaluation/fixtures/image/image-15.png	test-fixture	2710	keep
backend/tests/fixtures/evaluation/fixtures/image/image-16.png	test-fixture	2696	keep
backend/tests/fixtures/evaluation/fixtures/image/image-17.png	test-fixture	2585	keep
backend/tests/fixtures/evaluation/fixtures/image/image-18.png	test-fixture	2727	keep
backend/tests/fixtures/evaluation/fixtures/image/image-19.png	test-fixture	2748	keep
backend/tests/fixtures/evaluation/fixtures/image/image-20.png	test-fixture	2811	keep
backend/tests/fixtures/evaluation/fixtures/office/office-01.docx	test-fixture	36653	keep
backend/tests/fixtures/evaluation/fixtures/office/office-02.pptx	test-fixture	28280	keep
backend/tests/fixtures/evaluation/fixtures/office/office-03.xlsx	test-fixture	4893	keep
backend/tests/fixtures/evaluation/fixtures/office/office-04.docx	test-fixture	36653	keep
backend/tests/fixtures/evaluation/fixtures/office/office-05.pptx	test-fixture	28280	keep
backend/tests/fixtures/evaluation/fixtures/office/office-06.xlsx	test-fixture	4892	keep
backend/tests/fixtures/evaluation/fixtures/office/office-07.docx	test-fixture	36654	keep
backend/tests/fixtures/evaluation/fixtures/office/office-08.pptx	test-fixture	28280	keep
backend/tests/fixtures/evaluation/fixtures/office/office-09.xlsx	test-fixture	4893	keep
backend/tests/fixtures/evaluation/fixtures/office/office-10.docx	test-fixture	36653	keep
backend/tests/fixtures/evaluation/fixtures/office/office-11.pptx	test-fixture	28280	keep
backend/tests/fixtures/evaluation/fixtures/office/office-12.xlsx	test-fixture	4890	keep
backend/tests/fixtures/evaluation/fixtures/office/office-13.docx	test-fixture	36653	keep
backend/tests/fixtures/evaluation/fixtures/office/office-14.pptx	test-fixture	28280	keep
backend/tests/fixtures/evaluation/fixtures/office/office-15.xlsx	test-fixture	4890	keep
backend/tests/fixtures/evaluation/fixtures/office/office-16.docx	test-fixture	36653	keep
backend/tests/fixtures/evaluation/fixtures/office/office-17.pptx	test-fixture	28280	keep
backend/tests/fixtures/evaluation/fixtures/office/office-18.xlsx	test-fixture	4890	keep
backend/tests/fixtures/evaluation/fixtures/office/office-19.docx	test-fixture	36654	keep
backend/tests/fixtures/evaluation/fixtures/office/office-20.pptx	test-fixture	28280	keep
backend/tests/fixtures/evaluation/fixtures/pdf/pdf-01.pdf	test-fixture	1428	keep
backend/tests/fixtures/evaluation/fixtures/pdf/pdf-02.pdf	test-fixture	1428	keep
backend/tests/fixtures/evaluation/fixtures/pdf/pdf-03.pdf	test-fixture	1428	keep
backend/tests/fixtures/evaluation/fixtures/pdf/pdf-04.pdf	test-fixture	1428	keep
backend/tests/fixtures/evaluation/fixtures/pdf/pdf-05.pdf	test-fixture	1428	keep
backend/tests/fixtures/evaluation/fixtures/pdf/pdf-06.pdf	test-fixture	1428	keep
backend/tests/fixtures/evaluation/fixtures/pdf/pdf-07.pdf	test-fixture	1428	keep
backend/tests/fixtures/evaluation/fixtures/pdf/pdf-08.pdf	test-fixture	1428	keep
backend/tests/fixtures/evaluation/fixtures/pdf/pdf-09.pdf	test-fixture	1428	keep
backend/tests/fixtures/evaluation/fixtures/pdf/pdf-10.pdf	test-fixture	1428	keep
backend/tests/fixtures/evaluation/fixtures/pdf/pdf-11.pdf	test-fixture	1428	keep
backend/tests/fixtures/evaluation/fixtures/pdf/pdf-12.pdf	test-fixture	1428	keep
backend/tests/fixtures/evaluation/fixtures/pdf/pdf-13.pdf	test-fixture	1428	keep
backend/tests/fixtures/evaluation/fixtures/pdf/pdf-14.pdf	test-fixture	1428	keep
backend/tests/fixtures/evaluation/fixtures/pdf/pdf-15.pdf	test-fixture	1428	keep
backend/tests/fixtures/evaluation/fixtures/pdf/pdf-16.pdf	test-fixture	1428	keep
backend/tests/fixtures/evaluation/fixtures/pdf/pdf-17.pdf	test-fixture	1428	keep
backend/tests/fixtures/evaluation/fixtures/pdf/pdf-18.pdf	test-fixture	1428	keep
backend/tests/fixtures/evaluation/fixtures/pdf/pdf-19.pdf	test-fixture	1428	keep
backend/tests/fixtures/evaluation/fixtures/pdf/pdf-20.pdf	test-fixture	1428	keep
backend/tests/fixtures/evaluation/fixtures/text/text-01.txt	test-fixture	104	keep
backend/tests/fixtures/evaluation/fixtures/text/text-02.txt	test-fixture	104	keep
backend/tests/fixtures/evaluation/fixtures/text/text-03.txt	test-fixture	104	keep
backend/tests/fixtures/evaluation/fixtures/text/text-04.txt	test-fixture	104	keep
backend/tests/fixtures/evaluation/fixtures/text/text-05.txt	test-fixture	104	keep
backend/tests/fixtures/evaluation/fixtures/text/text-06.txt	test-fixture	104	keep
backend/tests/fixtures/evaluation/fixtures/text/text-07.txt	test-fixture	104	keep
backend/tests/fixtures/evaluation/fixtures/text/text-08.txt	test-fixture	104	keep
backend/tests/fixtures/evaluation/fixtures/text/text-09.txt	test-fixture	104	keep
backend/tests/fixtures/evaluation/fixtures/text/text-10.txt	test-fixture	104	keep
backend/tests/fixtures/evaluation/fixtures/text/text-11.txt	test-fixture	104	keep
backend/tests/fixtures/evaluation/fixtures/text/text-12.txt	test-fixture	104	keep
backend/tests/fixtures/evaluation/fixtures/text/text-13.txt	test-fixture	104	keep
backend/tests/fixtures/evaluation/fixtures/text/text-14.txt	test-fixture	104	keep
backend/tests/fixtures/evaluation/fixtures/text/text-15.txt	test-fixture	104	keep
backend/tests/fixtures/evaluation/fixtures/text/text-16.txt	test-fixture	104	keep
backend/tests/fixtures/evaluation/fixtures/text/text-17.txt	test-fixture	104	keep
backend/tests/fixtures/evaluation/fixtures/text/text-18.txt	test-fixture	104	keep
backend/tests/fixtures/evaluation/fixtures/text/text-19.txt	test-fixture	104	keep
backend/tests/fixtures/evaluation/fixtures/text/text-20.txt	test-fixture	104	keep
backend/tests/fixtures/evaluation/fixtures/video/video-01.mp4	test-fixture	9289	keep
backend/tests/fixtures/evaluation/fixtures/video/video-02.mp4	test-fixture	9265	keep
backend/tests/fixtures/evaluation/fixtures/video/video-03.mp4	test-fixture	9167	keep
backend/tests/fixtures/evaluation/fixtures/video/video-04.mp4	test-fixture	9069	keep
backend/tests/fixtures/evaluation/fixtures/video/video-05.mp4	test-fixture	8974	keep
backend/tests/fixtures/evaluation/fixtures/video/video-06.mp4	test-fixture	8990	keep
backend/tests/fixtures/evaluation/fixtures/video/video-07.mp4	test-fixture	8705	keep
backend/tests/fixtures/evaluation/fixtures/video/video-08.mp4	test-fixture	8953	keep
backend/tests/fixtures/evaluation/fixtures/video/video-09.mp4	test-fixture	8686	keep
backend/tests/fixtures/evaluation/fixtures/video/video-10.mp4	test-fixture	8765	keep
backend/tests/fixtures/evaluation/fixtures/video/video-11.mp4	test-fixture	8756	keep
backend/tests/fixtures/evaluation/fixtures/video/video-12.mp4	test-fixture	8831	keep
backend/tests/fixtures/evaluation/fixtures/video/video-13.mp4	test-fixture	8795	keep
backend/tests/fixtures/evaluation/fixtures/video/video-14.mp4	test-fixture	8808	keep
backend/tests/fixtures/evaluation/fixtures/video/video-15.mp4	test-fixture	8803	keep
backend/tests/fixtures/evaluation/fixtures/video/video-16.mp4	test-fixture	8860	keep
backend/tests/fixtures/evaluation/fixtures/video/video-17.mp4	test-fixture	8648	keep
backend/tests/fixtures/evaluation/fixtures/video/video-18.mp4	test-fixture	8954	keep
backend/tests/fixtures/evaluation/fixtures/video/video-19.mp4	test-fixture	8769	keep
backend/tests/fixtures/evaluation/fixtures/video/video-20.mp4	test-fixture	9053	keep
backend/tests/fixtures/evaluation/gold-manifest.json	test-fixture	46373	keep
backend/tests/fixtures/evaluation/LICENSE.txt	test-fixture	169	keep
backend/tests/fixtures/evaluation/technical-smoke-results.json	test-fixture	18999	keep
backend/tests/fixtures/samples/phase-03-expected-manifest.json	test-fixture	1608	keep
backend/tests/helpers/crash_conversation_undo.py	backend	2100	keep
backend/tests/helpers/crash_first_analysis.py	backend	2435	keep
backend/tests/helpers/crash_operation.py	backend	1463	keep
backend/tests/integration/test_ai_only_end_to_end.py	backend	6370	keep
backend/tests/integration/test_api.py	backend	10827	keep
backend/tests/integration/test_conversation_chat.py	backend	3575	keep
backend/tests/integration/test_conversation_data_model.py	backend	9442	keep
backend/tests/integration/test_conversational_undo.py	backend	24363	keep
backend/tests/integration/test_desktop_security.py	backend	3883	keep
backend/tests/integration/test_file_references.py	backend	13854	keep
backend/tests/integration/test_first_analysis.py	backend	35002	keep
backend/tests/integration/test_operation_journal.py	backend	11056	keep
backend/tests/integration/test_plan_versioning.py	backend	12513	keep
backend/tests/integration/test_post_execution_conversation.py	backend	20015	keep
backend/tests/integration/test_safe_operations_api.py	backend	9769	keep
backend/tests/integration/test_semantic_cache.py	backend	8312	keep
backend/tests/integration/test_session_recovery.py	backend	9125	keep
backend/tests/integration/test_task_record_deletion.py	backend	17507	keep
backend/tests/models/test_models.py	backend	23694	keep
backend/tests/parsers/test_parsers.py	backend	12718	keep
backend/tests/reliability/test_reliability.py	backend	12644	keep
backend/tests/safety/test_cross_volume_cancel.py	backend	4986	keep
backend/tests/safety/test_executor.py	backend	9770	keep
backend/tests/safety/test_plan_compiler.py	backend	5648	keep
backend/tests/safety/test_recovery_undo.py	backend	8242	keep
backend/tests/safety/test_scanner.py	backend	6938	keep
backend/tests/safety/test_windows_copy_lock.py	backend	1015	keep
backend/tests/safety/test_windows_handles.py	backend	1466	keep
backend/tests/security/test_preview_tickets.py	backend	4794	keep
backend/tests/unit/test_settings.py	backend	584	keep
backend/tests/unit/test_state.py	backend	547	keep
backend/uv.lock	backend	128700	keep
CHANGELOG.md	project-root	1528	keep
contracts/database.sql	contracts	31025	keep
contracts/openapi-runtime.json	contracts	187951	keep
contracts/openapi.json	contracts	244822	keep
contracts/schemas/classification-result.schema.json	contracts	2464	keep
contracts/schemas/file-profile.schema.json	contracts	6127	keep
contracts/schemas/policy-result.schema.json	contracts	2544	keep
contracts/schemas/task-settings.schema.json	contracts	5380	keep
contracts/schemas/taxonomy-draft.schema.json	contracts	2721	keep
contracts/schemas/taxonomy.schema.json	contracts	3156	keep
contracts/schemas/template.schema.json	contracts	4483	keep
contracts/schemas/visual-description.schema.json	contracts	1342	keep
docs/archive/historical-designs/blueprint/00_BLUEPRINT.md	historical-docs	8210	keep
docs/archive/historical-designs/blueprint/01_PRODUCT_SPEC.md	historical-docs	10916	keep
docs/archive/historical-designs/blueprint/02_ARCHITECTURE.md	historical-docs	12269	keep
docs/archive/historical-designs/blueprint/03_DATABASE.md	historical-docs	13224	keep
docs/archive/historical-designs/blueprint/04_TEMPLATES.md	historical-docs	11276	keep
docs/archive/historical-designs/blueprint/05_AI_PIPELINE.md	historical-docs	12616	keep
docs/archive/historical-designs/blueprint/06_UI_SPEC.md	historical-docs	13534	keep
docs/archive/historical-designs/blueprint/07_API.md	historical-docs	10034	keep
docs/archive/historical-designs/blueprint/08_SAFETY.md	historical-docs	9115	keep
docs/archive/historical-designs/blueprint/09_TESTING.md	historical-docs	8408	keep
docs/archive/historical-designs/blueprint/10_RELEASE.md	historical-docs	4662	keep
docs/archive/historical-designs/blueprint/11_DELIVERY_PLAN.md	historical-docs	5768	keep
docs/archive/historical-designs/blueprint/12_SOURCES_DECISIONS.md	historical-docs	5664	keep
docs/archive/historical-designs/blueprint/13_TRACEABILITY.md	historical-docs	3948	keep
docs/archive/historical-designs/design-qa.md	historical-docs	4468	keep
docs/archive/historical-designs/GITHUB_REFERENCE_ANALYSIS.md	historical-docs	36291	keep
docs/archive/historical-designs/plans/2026-09-15-ai-only-refactor.md	historical-docs	3644	keep
docs/archive/historical-designs/plans/2026-09-20-conversation-data-model.md	historical-docs	3234	keep
docs/archive/historical-designs/plans/2026-09-20-legacy-product-cleanup.md	historical-docs	2823	keep
docs/archive/historical-designs/plans/2026-09-21-conversational-undo.md	historical-docs	2890	keep
docs/archive/historical-designs/plans/2026-09-21-file-references.md	historical-docs	1902	keep
docs/archive/historical-designs/plans/2026-09-21-post-execution-conversation.md	historical-docs	3357	keep
docs/archive/historical-designs/plans/2026-09-21-semantic-cache.md	historical-docs	2449	keep
docs/archive/historical-designs/plans/2026-09-21-session-recovery.md	historical-docs	2448	keep
docs/archive/historical-designs/plans/2026-09-22-ui-deep-polish.md	historical-docs	1324	keep
docs/archive/historical-designs/prompts/codex/01_FOUNDATION.md	historical-docs	2074	keep
docs/archive/historical-designs/prompts/codex/02_SAFE_OPERATIONS.md	historical-docs	1972	keep
docs/archive/historical-designs/prompts/codex/03_PARSERS.md	historical-docs	1633	keep
docs/archive/historical-designs/prompts/codex/04_CLASSIFICATION.md	historical-docs	1821	keep
docs/archive/historical-designs/prompts/codex/05_MODEL_ADAPTERS.md	historical-docs	1833	keep
docs/archive/historical-designs/prompts/codex/06_FULL_UI.md	historical-docs	2013	keep
docs/archive/historical-designs/prompts/codex/07_RELIABILITY.md	historical-docs	1578	keep
docs/archive/historical-designs/prompts/codex/08_ACCEPTANCE.md	historical-docs	1554	keep
docs/archive/historical-designs/prompts/codex/09_RELEASE.md	historical-docs	1676	keep
docs/archive/historical-designs/prompts/models/00_BOUNDARIES.md	historical-docs	1344	keep
docs/archive/historical-designs/prompts/models/01_POLICY.md	historical-docs	1159	keep
docs/archive/historical-designs/prompts/models/02_VISUAL.md	historical-docs	1222	keep
docs/archive/historical-designs/prompts/models/03_TAXONOMY.md	historical-docs	1767	keep
docs/archive/historical-designs/prompts/models/04_CLASSIFY.md	historical-docs	1641	keep
docs/archive/historical-designs/prompts/models/05_REPAIR.md	historical-docs	1326	keep
docs/archive/historical-designs/prompts/models/README.md	historical-docs	1206	keep
docs/archive/historical-designs/reports/BLUEPRINT_VALIDATION.md	historical-docs	2927	keep
docs/archive/historical-designs/reports/ui/full-reference-1440.png	historical-docs	641359	keep
docs/archive/historical-designs/reports/ui/review-1024.png	historical-docs	157099	keep
docs/archive/historical-designs/reports/ui/review-1280.png	historical-docs	199117	keep
docs/archive/historical-designs/reports/ui/review-1440.png	historical-docs	202176	keep
docs/archive/historical-designs/reports/ui/viewport-checks.json	historical-docs	242	keep
docs/archive/historical-designs/reports/validation-results.json	historical-docs	172573	keep
docs/archive/historical-designs/SHA256SUMS.txt	historical-docs	5706	keep
docs/archive/historical-designs/START_HERE.md	historical-docs	3554	keep
docs/archive/historical-designs/tools/README.md	historical-docs	909	keep
docs/archive/historical-designs/tools/validate_blueprint.py	historical-docs	11753	keep
docs/archive/historical-designs/ui/design-tokens.json	historical-docs	988	keep
docs/archive/historical-designs/ui/DESIGN_REFERENCE.html	historical-docs	38394	keep
docs/archive/historical-designs/ui/REVIEW_DESIGN.png	historical-docs	162461	keep
docs/archive/historical-designs/ui/WIREFRAMES.md	historical-docs	5263	keep
docs/archive/legacy-organizer/LEGACY_PRODUCT_CLEANUP.md	historical-docs	1263	keep
docs/archive/migrations/README.md	historical-docs	444	keep
docs/archive/README.md	historical-docs	435	keep
docs/current/agent/CONVERSATIONAL_UNDO.md	current-docs	6826	keep
docs/current/agent/FILE_REFERENCES.md	current-docs	7499	keep
docs/current/agent/POST_EXECUTION_CONVERSATION.md	current-docs	5518	keep
docs/current/architecture/CONVERSATION_DATA_MODEL.md	current-docs	15828	keep
docs/current/architecture/DECISION_LOG.md	current-docs	6399	keep
docs/current/architecture/IMPLEMENTATION_ARCHITECTURE.md	current-docs	1551	keep
docs/current/architecture/PLAN_VERSIONING.md	current-docs	6640	keep
docs/current/architecture/SEMANTIC_CACHE.md	current-docs	7095	keep
docs/current/architecture/SESSION_RECOVERY.md	current-docs	6829	keep
docs/current/deployment/RELEASE_ACCEPTANCE.md	current-docs	18566	keep
docs/current/deployment/RELEASE_NOTES_1.0.md	current-docs	1397	keep
docs/current/file-system/README.md	current-docs	459	keep
docs/current/models/README.md	current-docs	328	keep
docs/current/ui/UI_DESIGN_SYSTEM.md	current-docs	3293	keep
docs/development/getting-started.md	development-docs	740	keep
docs/development/packaging.md	development-docs	602	keep
docs/development/release.md	development-docs	618	keep
docs/development/testing.md	development-docs	568	keep
docs/product/backlog.md	product-docs	651	keep
docs/product/limitations.md	product-docs	1608	keep
docs/product/product-overview.md	product-docs	562	keep
docs/product/workflows.md	product-docs	4377	keep
docs/README.md	project-root	963	keep
frontend/index.html	frontend	414	keep
frontend/package-lock.json	frontend	179348	keep
frontend/package.json	frontend	693	keep
frontend/public/favicon.svg	frontend	316	keep
frontend/src/App.vue	frontend	436	keep
frontend/src/components/AppDialog.vue	frontend	1594	keep
frontend/src/components/AppShell.vue	frontend	186	keep
frontend/src/components/CapabilityBadges.vue	frontend	335	keep
frontend/src/components/ConflictDialog.vue	frontend	421	keep
frontend/src/components/dialogState.ts	frontend	709	keep
frontend/src/components/EvidenceDrawer.vue	frontend	1253	keep
frontend/src/components/ExecutionBar.vue	frontend	398	keep
frontend/src/components/FileMappingTable.vue	frontend	543	keep
frontend/src/components/PolicyEditor.vue	frontend	548	keep
frontend/src/components/PrivacyPreview.vue	frontend	503	keep
frontend/src/components/ScopeBoundaryPreview.vue	frontend	499	keep
frontend/src/components/SourcePicker.vue	frontend	469	keep
frontend/src/components/TaskStepper.vue	frontend	378	keep
frontend/src/components/TaskTimeline.vue	frontend	292	keep
frontend/src/components/TaxonomyTree.vue	frontend	591	keep
frontend/src/components/UndoPreview.vue	frontend	452	keep
frontend/src/dev/UiReviewPage.vue	frontend	8364	keep
frontend/src/env.d.ts	frontend	436	keep
frontend/src/features/conversations/components/ChatComposer.vue	frontend	3671	keep
frontend/src/features/conversations/components/ConversationHeader.vue	frontend	3494	keep
frontend/src/features/conversations/components/ConversationMessage.vue	frontend	1290	keep
frontend/src/features/conversations/components/ConversationSidebar.vue	frontend	6857	keep
frontend/src/features/conversations/components/ExecutionResultCard.vue	frontend	2072	keep
frontend/src/features/conversations/components/FileWorkspace.vue	frontend	18501	keep
frontend/src/features/conversations/components/OperationProgress.vue	frontend	406	keep
frontend/src/features/conversations/components/PlanPreviewCard.vue	frontend	2359	keep
frontend/src/features/conversations/components/UndoPreviewCard.vue	frontend	3086	keep
frontend/src/features/conversations/components/WorkspaceStatusBar.vue	frontend	303	keep
frontend/src/features/conversations/store.ts	frontend	26310	keep
frontend/src/main.ts	frontend	280	keep
frontend/src/pages/ConversationWorkspacePage.vue	frontend	11600	keep
frontend/src/pages/HistoryPage.vue	frontend	9764	keep
frontend/src/pages/HomePage.vue	frontend	2261	keep
frontend/src/pages/ModelsPage.vue	frontend	8439	keep
frontend/src/pages/NewTaskPage.vue	frontend	8117	keep
frontend/src/pages/PlaceholderPage.vue	frontend	352	keep
frontend/src/pages/SettingsPage.vue	frontend	4318	keep
frontend/src/pages/TaskReportPage.vue	frontend	4644	keep
frontend/src/pages/TaskReviewPage.vue	frontend	5878	keep
frontend/src/pages/TaskRunPage.vue	frontend	4742	keep
frontend/src/pages/TaskScanPage.vue	frontend	9696	keep
frontend/src/pages/TaskTaxonomyPage.vue	frontend	5551	keep
frontend/src/router.ts	frontend	1547	keep
frontend/src/services/api.ts	frontend	35927	keep
frontend/src/styles/theme.css	frontend	46616	keep
frontend/src/styles/tokens.css	frontend	1406	keep
frontend/src/styles/workspace.css	frontend	15097	keep
frontend/tests/conversation-workspace.test.ts	frontend	30027	keep
frontend/tests/defaults.test.ts	frontend	319	keep
frontend/tests/models-page.test.ts	frontend	3342	keep
frontend/tests/ui-polish.test.ts	frontend	2736	keep
frontend/tests/workflow-ui.test.ts	frontend	12796	keep
frontend/tsconfig.app.json	frontend	698	keep
frontend/tsconfig.json	frontend	120	keep
frontend/tsconfig.node.json	frontend	437	keep
frontend/vite.config.ts	frontend	274	keep
packaging/components/README.md	packaging	910	keep
packaging/Guixu.iss	packaging	2556	keep
packaging/Guixu.spec	packaging	1488	keep
PROJECT_STATUS.md	project-root	36910	keep
README.md	project-root	2328	keep
scripts/audit_release_secrets.py	scripts	4354	keep
scripts/check_document_links.py	scripts	1267	keep
scripts/create-sample-data.ps1	scripts	1128	keep
scripts/create_acceptance_samples.py	scripts	5356	keep
scripts/create_phase_n_datasets.py	scripts	11301	keep
scripts/doctor.ps1	scripts	798	keep
scripts/export_runtime_contract.py	scripts	756	keep
scripts/generate_release_metadata.py	scripts	3142	keep
scripts/package-windows.ps1	scripts	4924	keep
scripts/run-desktop.ps1	scripts	150	keep
scripts/run-dev.ps1	scripts	512	keep
scripts/run_phase08_benchmarks.py	scripts	4008	keep
scripts/run_phase_n_performance.py	scripts	5334	keep
scripts/run_phase_n_real_e2e.py	scripts	9940	keep
scripts/run_post_execution_deepseek_smoke.py	scripts	10010	keep
scripts/seed_conversational_undo_qa.py	scripts	908	keep
scripts/verify.py	scripts	2310	keep
seed/default-settings.json	runtime-seed	1054	keep
seed/templates.json	runtime-seed	181099	keep
THIRD_PARTY_NOTICES.md	project-root	1034	keep
